Workbook

Sheet Inventory
A1: STOCKSENSE S1 — INVENTORY TRACKER
A2: Mock Inventory · Salon / Clinic Business
A3: Item ID | B3: Item Name | C3: Category | D3: Current Qty | E3: Min Stock | F3: Max Stock | G3: Unit | H3: Status | I3: Last Updated | J3: Notes
A4: S001 | B4: Bleach Powder | C4: Salon | D4: 16 | E4: 3 | F4: 20 | G4: kg | H4: OK | I4: 26 Mar 2026
A5: S002 | B5: Developer 20vol | C5: Salon | D5: 0 | E5: 5 | F5: 30 | G5: bottle | H5: MISSING | I5: 26 Mar 2026 | J5: Order from Wella supplier
A6: S003 | B6: Developer 30vol | C6: Salon | D6: 1 | E6: 5 | F6: 30 | G6: bottle | H6: LOW STOCK | I6: 26 Mar 2026 | J6: Order from Wella supplier
A7: S004 | B7: Hair Colour #4N | C7: Salon | D7: 0 | E7: 4 | F7: 24 | G7: tube | H7: MISSING | I7: 26 Mar 2026 | J7: Discontinued — find alternative
A8: S005 | B8: Hair Colour #6N | C8: Salon | D8: 3 | E8: 4 | F8: 24 | G8: tube | H8: LOW STOCK | I8: 26 Mar 2026
A9: S006 | B9: Toning Shampoo | C9: Salon | D9: 8 | E9: 3 | F9: 12 | G9: bottle | H9: OK | I9: 26 Mar 2026
A10: S007 | B10: Conditioner Bulk | C10: Salon | D10: 4 | E10: 2 | F10: 10 | G10: litre | H10: OK | I10: 26 Mar 2026
A11: S008 | B11: Foil Sheets | C11: Salon | D11: 0 | E11: 5 | F11: 20 | G11: pack | H11: MISSING | I11: 26 Mar 2026 | J11: Check if wide or standard
A12: C001 | B12: Disinfectant Spray | C12: Cleaning | D12: 5 | E12: 3 | F12: 15 | G12: bottle | H12: OK | I12: 26 Mar 2026
A13: C002 | B13: Latex Gloves (M) | C13: Cleaning | D13: 2 | E13: 4 | F13: 20 | G13: box | H13: LOW STOCK | I13: 26 Mar 2026 | J13: Medium preferred by staff
A14: C003 | B14: Latex Gloves (L) | C14: Cleaning | D14: 0 | E14: 4 | F14: 20 | G14: box | H14: MISSING | I14: 26 Mar 2026 | J14: URGENT — reorder immediately
A15: C004 | B15: Cleaning Cloth | C15: Cleaning | D15: 7 | E15: 5 | F15: 30 | G15: piece | H15: OK | I15: 26 Mar 2026
A16: C005 | B16: Floor Cleaner | C16: Cleaning | D16: 1 | E16: 3 | F16: 10 | G16: bottle | H16: LOW STOCK | I16: 26 Mar 2026
A17: M001 | B17: Hand Sanitiser | C17: Medical | D17: 39 | E17: 4 | F17: 20 | G17: bottle | H17: OK | I17: 26 Mar 2026
A18: M002 | B18: Disposable Masks | C18: Medical | D18: 15 | E18: 5 | F18: 50 | G18: box | H18: OK | I18: 26 Mar 2026
A19: M003 | B19: Cotton Pads | C19: Medical | D19: 0 | E19: 3 | F19: 20 | G19: pack | H19: MISSING | I19: 26 Mar 2026 | J19: URGENT — out of stock
A20: O001 | B20: Toner Cartridge | C20: Office | D20: 12 | E20: 2 | F20: 10 | G20: unit | H20: OK | I20: 26 Mar 2026
A21: O002 | B21: Receipt Paper Roll | C21: Office | D21: 8 | E21: 3 | F21: 15 | G21: roll | H21: OK | I21: 26 Mar 2026 | J21: URGENT — affects daily ops
A22: O003 | B22: Thermal Labels | C22: Office | D22: 4 | E22: 2 | F22: 10 | G22: roll | H22: OK | I22: 26 Mar 2026
A23: O004 | B23: Hand Soap Refill | C23: Office | D23: 2 | E23: 3 | F23: 12 | G23: litre | H23: LOW STOCK | I23: 26 Mar 2026 | J23: Can order from Lazada
A24: TOTALS | D24: =SUM(D4:D23)

Sheet Transaction Log
A1: STOCKSENSE — VOICE COMMAND TRANSACTION LOG
A2: Timestamp | B2: Item ID | C2: Item Name | D2: Action | E2: Quantity | F2: Raw Voice Command | G2: New Stock Level
A3: 26 Mar 2026 09:12 | B3: S002 | C3: Developer 20vol | D3: TAKEN | E3: 2 | F3: used two bottles of developer this morning | G3: 4
A4: 26 Mar 2026 10:45 | B4: C002 | C4: Latex Gloves (M) | D4: TAKEN | E4: 1 | F4: took a box of medium gloves | G4: 2
A5: 26 Mar 2026 11:30 | B5: M001 | C5: Hand Sanitiser | D5: TAKEN | E5: 1 | F5: grabbed one sanitiser for front desk | G5: 9
A6: 26 Mar 2026 13:00 | B6: S006 | C6: Toning Shampoo | D6: ADDED | E6: 3 | F6: delivery came, got 3 toning shampoos | G6: 8
A7: 26 Mar 2026 14:15 | B7: S008 | C7: Foil Sheets | D7: TAKEN | E7: 1 | F7: used the last pack of foil sheets | G7: 1
A8: 26 Mar 2026 15:00 | B8: C003 | C8: Latex Gloves (L) | D8: TAKEN | E8: 1 | F8: took last box of large gloves | G8: 0
A9: 25 Mar 2026 09:00 | B9: O001 | C9: Toner Cartridge | D9: TAKEN | E9: 1 | F9: replaced printer toner | G9: 8
A10: 25 Mar 2026 11:00 | B10: S001 | C10: Bleach Powder | D10: ADDED | E10: 4 | F10: restocked bleach powder from supplier | G10: 6
A11: 25 Mar 2026 14:30 | B11: M002 | C11: Disposable Masks | D11: TAKEN | E11: 1 | F11: opened new box of masks | G11: 3
A12: 24 Mar 2026 10:00 | B12: S004 | C12: Hair Colour #4N | D12: TAKEN | E12: 2 | F12: removed two tubes for client appointment | G12: 0
A13: 26 Mar 2026 15:39 | B13: S002 | C13: Developer 20vol | D13: TAKEN | E13: 2 | F13: used two bottles of developer | G13: 0
A14: 26 Mar 2026 15:41 | B14: S002 | C14: Developer 20vol | D14: TAKEN | E14: 2 | F14: used two bottles of Developer 20vol | G14: 0
... A33: 26 Mar 2026 18:00 | B33: O001 | C33: Toner Cartridge | D33: ADDED | E33: 2 | F33: got a new toner cartridge, adding 2 | G33: 12

Sheet Summary
A1: STOCKSENSE — INVENTORY SUMMARY
A3: Total Items Tracked | B3: Items OK | C3: Low Stock | D3: Missing | E3: Overstocked | F3: Total Voice Commands
A4: =COUNTA(Inventory!B4:B23) | B4: =COUNTIF(Inventory!H4:H23,"OK") | C4: =COUNTIF(Inventory!H4:H23,"LOW STOCK") | D4: =COUNTIF(Inventory!H4:H23,"MISSING") | E4: =COUNTIF(Inventory!H4:H23,"OVERSTOCKED") | F4: =COUNTA('Transaction Log'!A3:A1000)-1
A6: STOCK STATUS BY CATEGORY
A7: Category | B7: Total Items | C7: OK | D7: Low Stock | E7: Missing | F7: Overstocked
A8: Salon | B8: =COUNTIF(Inventory!C4:C23,"Salon") | C8: =COUNTIFS(Inventory!C4:C23,"Salon",Inventory!H4:H23,"OK") | D8: =COUNTIFS(Inventory!C4:C23,"Salon",Inventory!H4:H23,"LOW STOCK") | E8: =COUNTIFS(Inventory!C4:C23,"Salon",Inventory!H4:H23,"MISSING") | F8: =COUNTIFS(Inventory!C4:C23,"Salon",Inventory!H4:H23,"OVERSTOCKED")
A9: Cleaning | B9: =COUNTIF(Inventory!C4:C23,"Cleaning") | C9: =COUNTIFS(Inventory!C4:C23,"Cleaning",Inventory!H4:H23,"OK") | D9: =COUNTIFS(Inventory!C4:C23,"Cleaning",Inventory!H4:H23,"LOW STOCK") | E9: =COUNTIFS(Inventory!C4:C23,"Cleaning",Inventory!H4:H23,"MISSING") | F9: =COUNTIFS(Inventory!C4:C23,"Cleaning",Inventory!H4:H23,"OVERSTOCKED")
A10: Medical | B10: =COUNTIF(Inventory!C4:C23,"Medical") | C10: =COUNTIFS(Inventory!C4:C23,"Medical",Inventory!H4:H23,"OK") | D10: =COUNTIFS(Inventory!C4:C23,"Medical",Inventory!H4:H23,"LOW STOCK") | E10: =COUNTIFS(Inventory!C4:C23,"Medical",Inventory!H4:H23,"MISSING") | F10: =COUNTIFS(Inventory!C4:C23,"Medical",Inventory!H4:H23,"OVERSTOCKED")
A11: Office | B11: =COUNTIF(Inventory!C4:C23,"Office") | C11: =COUNTIFS(Inventory!C4:C23,"Office",Inventory!H4:H23,"OK") | D11: =COUNTIFS(Inventory!C4:C23,"Office",Inventory!H4:H23,"LOW STOCK") | E11: =COUNTIFS(Inventory!C4:C23,"Office",Inventory!H4:H23,"MISSING") | F11: =COUNTIFS(Inventory!C4:C23,"Office",Inventory!H4:H23,"OVERSTOCKED")
A13: HOW TO CONNECT YOUR PYTHON SCRIPT → See 'API Guide' sheet

Sheet API Guide
A1: HOW TO CONNECT YOUR PYTHON VOICE SCRIPT TO THIS EXCEL FILE
A3: LIBRARY | B3: pip install openpyxl (already used to create this file)
A4: LOAD FILE | B4: wb = load_workbook('stocksense_inventory.xlsx')
A5: GET SHEET | B5: ws = wb['Inventory']
A6: FIND ITEM | B6: Loop rows 4 onwards, check column B (Item Name) or A (Item ID)
A7: UPDATE QTY | B7: cell = ws.cell(row=found_row, column=4) → cell.value = new_qty
A8: UPDATE STATUS | B8: cell = ws.cell(row=found_row, column=8) → cell.value = new_status
A9: LOG TXN | B9: Append new row to 'Transaction Log' sheet with timestamp + raw command
A10: SAVE FILE | B10: wb.save('stocksense_inventory.xlsx')
A11: AUTO STATUS | B11: Recalculate status after every update: if qty==0: MISSING elif qty<=min: LOW STOCK else: OK
A12: ALERT | B12: After save, check status — if MISSING or LOW STOCK, send WhatsApp via Twilio
